1,20,694 Prairie Rose Way
2,67,5 Hudson Parkway
3,3,19 Iowa Lane
4,53,577 Stang Street
5,81,56222 Cottonwood Street
6,55,99 Grayhawk Terrace
7,55,29791 Dennis Junction
8,77,462 Melrose Street
9,16,18 Holy Cross Point
10,37,28526 Algoma Parkway
11,38,1959 Lerdahl Court
12,73,44 Service Alley
13,100,86836 Vera Crossing
14,2,283 Sutteridge Junction
15,80,174 Macpherson Pass
16,59,19346 Sloan Drive
17,55,3 Marquette Lane
18,55,493 Eggendart Street
19,75,6 Nova Court
20,57,4 Vermont Road
21,76,94285 Arapahoe Trail
22,71,76917 Monterey Circle
23,5,5 East Center
24,78,946 Anniversary Hill
25,27,3488 Quincy Parkway
26,36,024 High Crossing Trail
27,37,7 Glacier Hill Park
28,27,77 Grayhawk Alley
29,19,139 Forest Dale Parkway
30,50,6788 Jana Drive
31,55,45 Claremont Plaza
32,86,2212 Grayhawk Way
33,14,08 Rutledge Place
34,44,30 Waywood Plaza
35,45,71 Moulton Street
36,47,5 Springs Junction
37,32,1168 Derek Parkway
38,77,70 Farwell Crossing
39,44,82143 Forest Dale Terrace
40,2,7098 Grover Center
41,7,70865 Green Ridge Lane
42,21,6 Messerschmidt Terrace
43,55,72 Drewry Crossing
44,27,49 Chive Way
45,29,254 Crescent Oaks Center
46,13,8 Blue Bill Park Lane
47,50,2 Kim Avenue
48,89,116 Pankratz Park
49,98,21557 Fairfield Point
50,33,5 Declaration Alley
