1,100,1507 Onsgard Junction
2,40,6127 Brickson Park Alley
3,75,53511 Waywood Point
4,74,93 Summit Trail
5,65,05 Reindahl Pass
6,81,97 Anhalt Avenue
7,36,392 Banding Crossing
8,81,2174 Jana Plaza
9,94,2483 Messerschmidt Crossing
10,66,9 Meadow Ridge Avenue
11,58,41552 Randy Junction
12,68,4439 2nd Court
13,74,4747 Melrose Hill
14,18,546 Fairfield Place
15,55,134 Artisan Pass
16,15,846 Hagan Pass
17,7,25 Loeprich Court
18,55,48643 Stone Corner Way
19,19,56746 Golf View Plaza
20,4,95 Macpherson Court
21,21,4202 Pawling Lane
22,74,9 Warbler Street
23,97,05359 Loftsgordon Court
24,22,91350 Green Ridge Plaza
25,63,51 Del Mar Street
26,72,6 Charing Cross Point
27,60,55 Oxford Trail
28,32,660 Redwing Alley
29,48,17 Elka Drive
30,25,681 Sachtjen Circle
31,40,22 Continental Plaza
32,17,097 Troy Street
33,88,4077 Birchwood Place
34,73,58 Huxley Road
35,24,36 Monument Junction
36,99,238 Del Mar Circle
37,100,28596 Lakeland Trail
38,94,0 Everett Lane
39,70,3 Fulton Drive
40,80,80 Cambridge Street
41,2,8547 Bayside Crossing
42,55,5810 Grim Avenue
43,77,01 Ohio Hill
44,56,7 Clemons Court
45,87,21687 Kim Lane
46,4,915 Cambridge Hill
47,49,505 Springview Alley
48,24,74 Dunning Court
49,1,9 Talmadge Crossing
50,80,9 8th Crossing
51,52,4401 Bowman Road
52,36,20913 Longview Crossing
53,30,7099 Pearson Junction
54,72,6988 Dahle Place
55,91,341 Nancy Avenue
56,10,50 Crescent Oaks Pass
57,92,8 Sycamore Avenue
58,28,464 Merry Junction
59,13,8 Rigney Junction
60,76,2 Springview Plaza
61,68,71394 Northfield Road
62,21,19 Daystar Hill
63,27,3594 Montana Circle
64,95,54148 Corry Way
65,47,83 Carberry Place
66,74,9314 Surrey Lane
67,44,87389 Everett Court
68,2,3 Moose Way
69,98,17136 Northland Place
70,13,909 Hermina Alley
71,50,672 Helena Parkway
72,22,44976 Russell Place
73,11,1634 South Hill
74,28,7 Comanche Center
75,74,19366 Shasta Park
76,67,0882 Mandrake Circle
77,80,998 Corben Pass
78,92,8 Leroy Point
79,93,370 Towne Hill
80,22,6415 Pierstorff Place
81,87,845 Westend Street
82,80,48270 Mcbride Junction
83,91,2 Donald Parkway
84,73,30630 Sauthoff Center
85,70,096 Heath Plaza
86,28,17 Redwing Street
87,66,57126 Dakota Alley
88,35,7695 Victoria Lane
89,63,70 Redwing Plaza
90,58,8 Vermont Center
91,71,1 Wayridge Hill
92,64,9859 Marquette Junction
93,9,1160 Southridge Hill
94,89,84873 Prairie Rose Park
95,65,832 Drewry Place
96,15,3 Colorado Crossing
97,74,55307 Northfield Junction
98,13,031 4th Street
99,93,761 Novick Lane
100,66,2765 Hauk Terrace
101,13,00660 Mosinee Center
102,74,36 Hoffman Pass
103,75,3467 Scott Drive
104,73,57055 Spaight Street
105,21,5 Cody Park
106,52,9939 Lakewood Gardens Crossing
107,58,6197 Thierer Terrace
108,61,44846 Ridgeview Pass
109,95,170 Paget Pass
110,98,6 Continental Road
111,20,9173 Northview Terrace
112,19,0 Summit Pass
113,11,3957 Heffernan Lane
114,16,2613 Pankratz Drive
115,14,75936 Lakewood Parkway
116,29,4 Blue Bill Park Parkway
117,60,5810 Lakewood Gardens Street
118,60,1 2nd Crossing
119,84,03 Hallows Plaza
120,30,2627 Del Mar Junction
121,18,81 Bellgrove Lane
122,92,6 Westridge Trail
123,67,29304 Nancy Court
124,82,940 Glacier Hill Court
125,43,58 Forest Junction
126,66,3 Eagan Way
127,39,82 Eliot Pass
128,88,765 Grayhawk Trail
129,33,778 Corscot Place
130,12,08 Prairieview Center
131,74,99759 Del Sol Hill
132,60,0 Ryan Hill
133,48,06122 Hollow Ridge Terrace
134,64,36660 Golf Course Point
135,57,55 Gina Pass
136,1,9 Colorado Hill
137,12,1 Morrow Pass
138,84,407 Colorado Hill
139,54,273 Kropf Plaza
140,80,5687 Farragut Drive
141,9,16627 Magdeline Place
142,65,21 Del Sol Alley
143,58,543 Bluestem Junction
144,12,388 Spenser Avenue
145,16,204 Packers Avenue
146,78,105 Crescent Oaks Terrace
147,77,6083 Dorton Hill
148,38,406 Knutson Center
149,64,41 Dovetail Avenue
150,41,4 Mitchell Court
151,68,658 Logan Place
152,92,58 Schmedeman Place
153,20,60476 Bartillon Parkway
154,93,9 Debra Junction
155,24,4084 Mallard Point
156,73,35 Marquette Street
157,24,54 Brentwood Avenue
158,4,1444 Sutteridge Trail
159,79,6 Mayer Parkway
160,65,07355 Daystar Park
161,52,4022 Namekagon Lane
162,64,27654 Monica Court
163,71,2956 Main Road
164,10,69 Onsgard Center
165,45,6836 Farmco Court
166,65,9 Surrey Junction
167,53,9601 Hazelcrest Street
168,10,5 Russell Road
169,8,8 Myrtle Parkway
170,61,5309 South Lane
171,75,4 Arrowood Alley
172,96,54 Dayton Road
173,53,77082 Mifflin Avenue
174,27,368 Northland Park
175,70,66611 Marquette Trail
176,36,02662 Tennessee Avenue
177,53,04208 Del Mar Point
178,66,47087 Fremont Point
179,78,46477 Lerdahl Terrace
180,47,3 Artisan Plaza
181,94,1 Crownhardt Junction
182,77,83 Goodland Point
183,58,6657 Arizona Parkway
184,49,78 Roxbury Court
185,65,5178 Marcy Parkway
186,20,72004 Pepper Wood Terrace
187,55,81119 Corben Pass
188,88,97 Fairview Lane
189,26,5126 Fordem Park
190,13,40411 Dakota Pass
191,35,252 South Parkway
192,22,526 Spaight Crossing
193,12,900 Jana Park
194,25,37 Daystar Street
195,11,64 Browning Street
196,77,30 Butternut Road
197,76,9 Ronald Regan Street
198,71,3900 Northport Circle
199,70,116 Londonderry Junction
200,71,06990 Ilene Alley
201,35,4282 Mayer Point
202,23,36940 Monument Trail
203,20,685 Barnett Alley
204,91,52 Amoth Place
205,88,3 Springview Pass
206,17,52480 Kedzie Lane
207,88,536 Holy Cross Terrace
208,64,28748 Emmet Pass
209,81,21629 Petterle Park
210,68,2905 Claremont Road
211,52,171 Clove Avenue
212,63,762 Northport Center
213,42,259 Maywood Point
214,3,21 Schurz Court
215,10,2614 4th Point
216,53,9 Arrowood Parkway
217,43,2952 Summerview Parkway
218,66,20920 Oriole Trail
219,58,38 Merrick Hill
220,8,26 Moland Parkway
221,23,53541 Calypso Road
222,37,9094 Roth Trail
223,43,23 Artisan Center
224,33,3 Dunning Pass
225,63,203 Mendota Trail
226,37,7616 Manitowish Circle
227,22,13 Rusk Lane
228,55,9 Moose Hill
229,100,319 Scofield Point
230,1,8970 6th Alley
231,93,5135 Mayer Point
232,55,02935 Coleman Drive
233,36,007 Susan Way
234,73,182 Ridgeway Place
235,51,913 Leroy Street
236,53,9 Elmside Alley
237,35,6169 Meadow Ridge Pass
238,55,70168 Center Place
239,3,75 Nobel Lane
240,66,24560 Oxford Court
241,78,1774 Marcy Circle
242,67,94 Union Avenue
243,29,9793 Melrose Hill
244,86,2873 Cardinal Parkway
245,21,3568 Golf Course Plaza
246,1,02096 Eastlawn Pass
247,85,71885 Upham Pass
248,35,43 Sommers Trail
249,46,46502 Oxford Street
250,97,6620 Melody Way
251,72,41 Sullivan Trail
252,73,73 Pennsylvania Park
253,5,88400 Meadow Valley Hill
254,95,94083 Waywood Street
255,33,8732 Hintze Place
256,17,074 Morrow Junction
257,92,1 Marcy Circle
258,12,1 Menomonie Hill
259,68,2953 Canary Center
260,89,92 Redwing Pass
261,63,11 Parkside Pass
262,21,084 Kipling Pass
263,1,16 Meadow Valley Alley
264,80,40 Pepper Wood Drive
265,79,65 Monument Way
266,83,0 Old Shore Place
267,56,2 Lillian Lane
268,24,64 Maryland Court
269,81,3 Grasskamp Terrace
270,72,4164 Arkansas Court
271,91,9167 Monument Place
272,10,15948 Burrows Pass
273,83,413 Warner Point
274,36,641 Gina Drive
275,71,33371 Walton Circle
276,51,533 Merrick Center
277,50,8429 Marquette Hill
278,72,908 Rigney Lane
279,34,91 Nelson Crossing
280,58,008 Bartelt Terrace
281,9,15285 Pleasure Crossing
282,84,08 Lyons Crossing
283,38,81 Monument Drive
284,78,14864 Comanche Avenue
285,27,63 Charing Cross Road
286,75,0 Di Loreto Center
287,24,4 Elka Hill
288,92,3750 Jackson Street
289,51,19936 Troy Road
290,55,66508 Crowley Lane
291,45,99275 Ridgeway Avenue
292,72,023 Chive Park
293,47,1 Hoepker Pass
294,71,14715 Rockefeller Crossing
295,18,2 Johnson Drive
296,40,563 Dryden Way
297,57,028 Kinsman Lane
298,39,6 Union Hill
299,17,91 Northview Plaza
300,85,63814 Lindbergh Way
301,97,9 Waubesa Drive
302,45,53 Kedzie Alley
303,32,8478 Crescent Oaks Circle
304,67,716 Armistice Junction
305,15,9 Eastlawn Road
306,77,9 Continental Place
307,72,99711 Heath Road
308,8,41 Center Parkway
309,72,6 Memorial Park
310,17,96 Mallory Street
311,53,82 Pennsylvania Lane
312,16,5131 Thompson Alley
313,99,81463 Brown Pass
314,71,9 Cody Avenue
315,73,5745 Blackbird Junction
316,76,436 Warbler Alley
317,70,0443 Summit Point
318,10,3 Lawn Avenue
319,78,8 Farwell Place
320,57,80 Columbus Road
321,63,0492 Lakewood Gardens Center
322,22,67547 Carberry Trail
323,70,620 Namekagon Plaza
324,100,68 2nd Park
325,74,997 Beilfuss Trail
326,24,310 Orin Crossing
327,87,899 Loomis Park
328,95,05567 Clemons Road
329,58,4 Dayton Drive
330,16,2697 Blackbird Crossing
331,82,57 Everett Terrace
332,40,44007 Menomonie Plaza
333,91,86 Fallview Place
334,78,0 Lukken Point
335,1,499 Golf View Center
336,84,3074 Bayside Park
337,89,23 Duke Road
338,51,886 Butternut Park
339,14,9398 Fallview Center
340,74,77425 Tomscot Crossing
341,72,472 Burning Wood Terrace
342,93,32 Doe Crossing Way
343,29,693 Schlimgen Drive
344,82,06 Lawn Plaza
345,93,72097 Meadow Ridge Court
346,49,7263 Bellgrove Drive
347,15,791 Buell Center
348,54,393 6th Street
349,39,48686 Becker Plaza
350,27,87 Oneill Place
351,30,390 Oxford Hill
352,57,91036 Carpenter Crossing
353,99,60466 Holy Cross Road
354,54,8207 Westerfield Park
355,26,45732 Meadow Vale Road
356,7,452 Columbus Alley
357,43,92 Starling Terrace
358,5,8149 Russell Road
359,75,16 Granby Way
360,25,5700 Reinke Drive
361,52,32808 Sutteridge Avenue
362,55,0 Marcy Place
363,91,967 Bartelt Place
364,34,5 Fieldstone Junction
365,12,67617 Nobel Center
366,85,654 Forest Dale Pass
367,89,481 Cody Road
368,68,1689 Eagan Place
369,69,8 Fallview Trail
370,81,60 Mayer Hill
371,83,14895 1st Way
372,55,05 American Ash Street
373,40,0 Northfield Junction
374,37,5535 Pennsylvania Pass
375,33,40 School Parkway
376,91,52875 Kingsford Avenue
377,68,017 Gateway Parkway
378,10,988 Texas Circle
379,35,54 Dahle Crossing
380,92,931 Manufacturers Parkway
381,29,14174 Loomis Court
382,18,5 Heath Parkway
383,36,91 Delaware Parkway
384,88,7441 Huxley Trail
385,50,9 Hudson Road
386,24,6 Dunning Hill
387,97,1813 Hansons Trail
388,23,01 Linden Court
389,76,81532 East Point
390,77,4594 Thompson Street
391,65,348 Jana Plaza
392,17,98594 Declaration Center
393,82,63 Vernon Way
394,89,0 Cambridge Road
395,4,40224 Red Cloud Parkway
396,34,5516 Forest Run Place
397,70,80 Bluejay Court
398,78,6 Old Gate Avenue
399,78,566 Ridgeway Circle
400,86,54 Fulton Center
401,12,9714 Riverside Parkway
402,30,2 Schiller Terrace
403,93,1 Jackson Plaza
404,8,71151 Di Loreto Point
405,70,27 Barnett Hill
406,93,678 Bartillon Circle
407,78,668 Hansons Hill
408,15,7328 Lindbergh Terrace
409,84,3170 Jenifer Street
410,62,1 Weeping Birch Street
411,81,83 Red Cloud Trail
412,24,2 Towne Pass
413,79,67 Oak Terrace
414,54,18944 Anderson Alley
415,79,938 Alpine Avenue
416,45,212 Upham Court
417,59,0504 Daystar Point
418,52,96 Lakeland Lane
419,9,28 Barby Pass
420,39,6484 Carioca Road
421,42,30 Shopko Circle
422,19,4730 Bonner Center
423,70,63919 Eagle Crest Point
424,95,08879 Longview Plaza
425,6,09831 Clemons Circle
426,34,70093 South Court
427,82,079 Mallard Avenue
428,87,366 Eastlawn Crossing
429,91,86388 Macpherson Avenue
430,42,85 Bunker Hill Road
431,41,3687 Nelson Street
432,64,9 Manley Plaza
433,66,00937 Corben Lane
434,56,911 Anzinger Court
435,74,2 Graedel Road
436,83,82 Loomis Place
437,18,9 Larry Terrace
438,57,110 8th Plaza
439,17,78 Anzinger Pass
440,99,91453 Hudson Parkway
441,85,67877 Corben Point
442,70,2 Union Pass
443,66,76988 Macpherson Crossing
444,84,98853 Jay Junction
445,62,386 Buena Vista Place
446,39,316 Mosinee Way
447,43,492 Alpine Way
448,38,2 Muir Hill
449,24,522 Twin Pines Court
450,62,501 Ilene Hill
451,95,038 Mandrake Park
452,16,2987 Garrison Plaza
453,45,6 High Crossing Way
454,51,8140 Daystar Center
455,64,8 Sauthoff Plaza
456,2,89 Everett Place
457,52,353 Shelley Street
458,87,9 Badeau Crossing
459,5,950 Crowley Terrace
460,31,9 Troy Lane
461,48,356 Gulseth Pass
462,98,960 Anthes Place
463,23,8036 8th Way
464,49,3 Ilene Court
465,21,583 Old Gate Point
466,93,3 Maryland Parkway
467,9,92026 Golden Leaf Park
468,65,71135 Esker Junction
469,65,6 Fuller Way
470,59,7603 Hallows Trail
471,46,5 Sauthoff Plaza
472,69,78 Sherman Parkway
473,24,02148 Westport Plaza
474,78,728 Artisan Plaza
475,88,641 Mallard Road
476,85,4799 Tennessee Junction
477,89,957 Washington Way
478,71,0 Montana Drive
479,39,9620 Graedel Terrace
480,43,517 School Junction
481,99,324 Goodland Plaza
482,69,36700 Homewood Junction
483,22,26 Glendale Trail
484,67,122 Morrow Circle
485,65,643 Coolidge Terrace
486,57,141 Ridgeview Pass
487,43,14386 Towne Parkway
488,57,88 Northland Hill
489,85,5 Reinke Point
490,80,9531 Chinook Plaza
491,78,04671 Hovde Hill
492,1,3 Hudson Junction
493,11,355 Union Hill
494,44,16 Trailsway Park
495,38,1069 Sloan Circle
496,49,74 Starling Terrace
497,6,6 Cascade Alley
498,34,22 Kim Way
499,59,1 Stoughton Road
500,4,8 Stone Corner Alley
